Rank	Book ID	Title	Author	Result Score
1	17993	Young Peoples' History of the War with Spain	Holmes, Prescott	0.3333333333333333
2	15202	Young Folks' Treasury, Volume 2 (of 12)
Myths and Legendary Heroes	nan	0.3333333333333333
3	15884	Young Folks' Library, Volume XI (of 20)
Wonders of Earth, Sea and Sky	nan	0.3333333333333333
4	15560	Young Folks Treasury, Volume 3 (of 12)
Classic Tales and Old-Fashioned Stories	nan	0.3333333333333333
5	20432	Young Captain Jack; Or, The Son of a Soldier	Alger, Horatio, Jr.	0.3333333333333333
6	20432	Young Captain Jack; Or, The Son of a Soldier	Stratemeyer, Edward	0.3333333333333333
7	23388	Wrecked but not Ruined	Ballantyne, R. M. (Robert Michael)	0.3333333333333333
8	23758	Work and Win; Or, Noddy Newman on a Cruise	Optic, Oliver	0.3333333333333333
9	15488	Woman's Life in Colonial Days	Holliday, Carl	0.3333333333333333
10	6808	Woman on the American Frontier
A Valuable and Authentic History of the Heroism, Adventures, Privations, Captivities, Trials, and Noble Lives and Deaths of the "Pioneer Mothers of the Republic"	Fowler, William Worthington	0.3333333333333333
11	8642	Woman in the Nineteenth Century
and Kindred Papers Relating to the Sphere, Condition and Duties, of Woman.	Fuller, Margaret	0.3333333333333333
12	17766	With Wolfe in Canada: The Winning of a Continent	Henty, G. A. (George Alfred)	0.3333333333333333
13	18868	With Kitchener in the Soudan: A Story of Atbara and Omdurman	Henty, G. A. (George Alfred)	0.3333333333333333
14	7334	With Buller in Natal, Or, a Born Leader	Henty, G. A. (George Alfred)	0.3333333333333333
15	12308	Winning His Spurs: A Tale of the Crusades	Henty, G. A. (George Alfred)	0.3333333333333333
16	9986	Wild Kitty	Meade, L. T.	0.3333333333333333
17	4698	Whitefoot the Wood Mouse	Burgess, Thornton W. (Thornton Waldo)	0.3333333333333333
18	7831	When London Burned : a Story of Restoration Times and the Great Fire	Henty, G. A. (George Alfred)	0.3333333333333333
19	9482	What Sami Sings with the Birds	Spyri, Johanna	0.3333333333333333
20	8995	What Katy Did Next	Coolidge, Susan	0.3333333333333333
21	8994	What Katy Did	Coolidge, Susan	0.3333333333333333
22	18156	We and the World: A Book for Boys. Part II	Ewing, Juliana Horatia	0.3333333333333333
23	18077	We and the World: A Book for Boys. Part I	Ewing, Juliana Horatia	0.3333333333333333
24	5993	Walter Sherwood's Probation	Alger, Horatio, Jr.	0.3333333333333333
25	16686	Verses for Children, and Songs for Music	Ewing, Juliana Horatia	0.3333333333333333
26	4560	Verses	Coolidge, Susan	0.3333333333333333
27	14627	Veronica	Spyri, Johanna	0.3333333333333333
28	21708	Up in the Clouds: Balloon Voyages	Ballantyne, R. M. (Robert Michael)	0.3333333333333333
29	21707	Ungava	Ballantyne, R. M. (Robert Michael)	0.3333333333333333
30	5347	Understood Betsy	Fisher, Dorothy Canfield	0.3333333333333333
31	23493	Under the Waves: Diving in Deep Waters	Ballantyne, R. M. (Robert Michael)	0.3333333333333333
32	3795	Under the Lilacs	Alcott, Louisa May	0.3333333333333333
33	19206	Under Drake's Flag: A Tale of the Spanish Main	Henty, G. A. (George Alfred)	0.3333333333333333
34	11171	Uncle Tom's Cabin, Young Folks' Edition	Stowe, Harriet Beecher	0.3333333333333333
35	14710	Uncle Titus and His Visit to the Country	Spyri, Johanna	0.3333333333333333
36	21605	Uncle Remus, his songs and his sayings	Harris, Joel Chandler	0.3333333333333333
37	2306	Uncle Remus, His Songs and His Sayings	Harris, Joel Chandler	0.3333333333333333
38	20223	Two Boys in Wyoming: A Tale of Adventure
(Northwest Series, No. 3)	Ellis, Edward Sylvester	0.3333333333333333
39	13707	Twice-told tales	Hawthorne, Nathaniel	0.3333333333333333
40	508	Twice-Told Tales	Hawthorne, Nathaniel	0.3333333333333333
41	21706	Twice Bought	Ballantyne, R. M. (Robert Michael)	0.3333333333333333
42	12434	Twelve Studies on the Making of a Nation: The Beginnings of Israel's History	Kent, Charles Foster	0.3333333333333333
43	12434	Twelve Studies on the Making of a Nation: The Beginnings of Israel's History	Jenks, Jeremiah Whipple	0.3333333333333333
44	5778	Try and Trust; Or, Abner Holden's Bound Boy	Alger, Horatio, Jr.	0.3333333333333333
45	8859	True to the Old Flag: A Tale of the American War of Independence	Henty, G. A. (George Alfred)	0.3333333333333333
46	22080	True Stories of Wonderful Deeds
Pictures and Stories for Little Folk	Anonymous	0.3333333333333333
47	15697	True Stories of History and Biography	Hawthorne, Nathaniel	0.3333333333333333
48	14128	Toni, the Little Woodcarver	Spyri, Johanna	0.3333333333333333
49	18531	Timothy's Quest
A Story for Anybody, Young or Old, Who Cares to Read It	Wiggin, Kate Douglas Smith	0.3333333333333333
50	4660	Timothy Crump's Ward: A Story of American Life	Alger, Horatio, Jr.	0.3333333333333333
51	956	Tik-Tok of Oz	Baum, L. Frank (Lyman Frank)	0.3333333333333333
52	23076	Tik-Tok of Oz	Baum, L. Frank (Lyman Frank)	0.3333333333333333
53	23718	Through the Looking-Glass	Carroll, Lewis	0.3333333333333333
54	8732	Through the Fray: A Tale of the Luddite Riots	Henty, G. A. (George Alfred)	0.3333333333333333
55	20641	Through Three Campaigns: A Story of Chitral, Tirah and Ashanti	Henty, G. A. (George Alfred)	0.3333333333333333
56	16472	Through Forest and Fire
Wild-Woods Series No. 1	Ellis, Edward Sylvester	0.3333333333333333
57	13604	Thrilling Stories Of The Ocean
From Authentic Accounts Of Modern Voyagers And Travellers; Designed
For The Entertainment And Instruction Of Young People	Park, Marmaduke	0.3333333333333333
58	3761	This Country of Ours	Marshall, H. E. (Henrietta Elizabeth)	0.3333333333333333
59	23129	The Young Voyageurs: Boy Hunters in the North	Reid, Mayne	0.3333333333333333
60	21713	The Young Trawler	Ballantyne, R. M. (Robert Michael)	0.3333333333333333
61	19477	The Young Trailers: A Story of Early Kentucky	Altsheler, Joseph A. (Joseph Alexander)	0.3333333333333333
62	5673	The Young Musician; Or, Fighting His Way	Alger, Horatio, Jr.	0.3333333333333333
63	22669	The Young Miner; Or, Tom Nelson in California	Alger, Horatio, Jr.	0.3333333333333333
64	21712	The Young Fur Traders	Ballantyne, R. M. (Robert Michael)	0.3333333333333333
65	22060	The Young Franc Tireurs, and Their Adventures in the Franco-Prussian War	Henty, G. A. (George Alfred)	0.3333333333333333
66	5623	The Young Explorer; Or, Claiming His Fortune	Alger, Horatio, Jr.	0.3333333333333333
67	5128	The Young Carthaginian: A Story of The Times of Hannibal	Henty, G. A. (George Alfred)	0.3333333333333333
68	9613	The Young Buglers	Henty, G. A. (George Alfred)	0.3333333333333333
69	22521	The Young Acrobat of the Great North American Circus	Alger, Horatio, Jr.	0.3333333333333333
70	640	The Yellow Fairy Book	Lang, Andrew	0.3333333333333333
71	23351	The Yacht Club; or, The Young Boat-Builder	Optic, Oliver	0.3333333333333333
72	11602	The World of Ice	Ballantyne, R. M. (Robert Michael)	0.3333333333333333
73	21711	The World of Ice	Ballantyne, R. M. (Robert Michael)	0.3333333333333333
74	55	The Wonderful Wizard of Oz	Baum, L. Frank (Lyman Frank)	0.3333333333333333
75	16042	The Wonder Book of Bible Stories	nan	0.3333333333333333
76	7252	The Women Who Came in the Mayflower	Marble, Annie Russell	0.3333333333333333
77	21914	The Woggle-Bug Book	Baum, L. Frank (Lyman Frank)	0.3333333333333333
78	22340	The Wind in the Willows	Grahame, Kenneth	0.3333333333333333
79	22341	The Wind in the Willows	Grahame, Kenneth	0.3333333333333333
80	9214	The White Old Maid (From "Twice Told Tales")	Hawthorne, Nathaniel	0.3333333333333333
81	25564	The Water-Babies: A Fairy Tale for a Land-Baby	Kingsley, Charles	0.3333333333333333
82	1154	The Voyages of Doctor Dolittle	Lofting, Hugh	0.3333333333333333
83	9207	The Vision of the Fountain (From "Twice Told Tales")	Hawthorne, Nathaniel	0.3333333333333333
84	641	The Violet Fairy Book	Lang, Andrew	0.3333333333333333
85	9210	The Village Uncle (From "Twice Told Tales")	Hawthorne, Nathaniel	0.3333333333333333
86	11757	The Velveteen Rabbit	Bianco, Margery Williams	0.3333333333333333
87	23980	The Velveteen Rabbit	Bianco, Margery Williams	0.3333333333333333
88	16160	The Treasury of Ancient Egypt
Miscellaneous Chapters on Ancient Egyptian History and Archaeology	Weigall, Arthur E. P. Brome (Arthur Edward Pearse Brome)	0.3333333333333333
89	7070	The Treasure of the Incas: A Story of Adventure in Peru	Henty, G. A. (George Alfred)	0.3333333333333333
90	9206	The Toll Gatherer's Day (From "Twice Told Tales")	Hawthorne, Nathaniel	0.3333333333333333
91	960	The Tin Woodman of Oz
A Faithful Story of the Astonishing Adventure Undertaken by the Tin Woodman, Assisted by Woot the Wanderer, the Scarecrow of Oz, and Polychrome, the Rainbow's Daughter	Baum, L. Frank (Lyman Frank)	0.3333333333333333
92	18813	The Tiger of Mysore: A Story of the War with Tippoo Saib	Henty, G. A. (George Alfred)	0.3333333333333333
93	9220	The Threefold Destiny (From "Twice Told Tales")	Hawthorne, Nathaniel	0.3333333333333333
94	9257	The Three Golden Apples
(From: "A Wonder-Book for Girls and Boys")	Hawthorne, Nathaniel	0.3333333333333333
95	23381	The Thorogood Family	Ballantyne, R. M. (Robert Michael)	0.3333333333333333
96	15852	The Texan Star: The Story of a Great Fight for Liberty	Altsheler, Joseph A. (Joseph Alexander)	0.3333333333333333
97	15767	The Texan Scouts: A Story of the Alamo and Goliad	Altsheler, Joseph A. (Joseph Alexander)	0.3333333333333333
98	24013	The Telegraph Boy	Alger, Horatio, Jr.	0.3333333333333333
99	21913	The Talking Leaves: An Indian Story	Stoddard, William O.	0.3333333333333333
100	13815	The Talking Beasts: A Book of Fable Wisdom	nan	0.3333333333333333
101	16259	The Surprising Adventures of the Magical Monarch of Mo and His People	Baum, L. Frank (Lyman Frank)	0.3333333333333333
102	18774	The Sun of Quebec: A Story of a Great Crisis	Altsheler, Joseph A. (Joseph Alexander)	0.3333333333333333
103	23272	The Story of the Rock	Ballantyne, R. M. (Robert Michael)	0.3333333333333333
104	4671	The Story of the Pony Express	Bradley, Glenn D. (Glenn Danford)	0.3333333333333333
105	23495	The Story of the Greeks	Guerber, H. A. (Hélène Adeline)	0.3333333333333333
106	24097	The Story of Red Feather: A Tale of the American Frontier	Ellis, Edward Sylvester	0.3333333333333333
107	13506	The Story of Patsy	Wiggin, Kate Douglas Smith	0.3333333333333333
108	13842	The Story of Manhattan	Hemstreet, Charles	0.3333333333333333
109	11917	The Story of Ireland	Lawless, Emily	0.3333333333333333
110	14291	The Story of Geographical Discovery: How the World Became Known	Jacobs, Joseph	0.3333333333333333
111	501	The Story of Doctor Dolittle	Lofting, Hugh	0.3333333333333333
112	5835	The Story Hour: A Book for the Home and the Kindergarten	Wiggin, Kate Douglas Smith	0.3333333333333333
113	5835	The Story Hour: A Book for the Home and the Kindergarten	Smith, Nora Archibald	0.3333333333333333
114	5342	The Story Girl	Montgomery, L. M. (Lucy Maud)	0.3333333333333333
115	10724	The Store Boy	Alger, Horatio, Jr.	0.3333333333333333
116	9211	The Sister Years (From "Twice Told Tales")	Hawthorne, Nathaniel	0.3333333333333333
117	11881	The Shadow of the North: A Story of Old New York and a Lost Campaign	Altsheler, Joseph A. (Joseph Alexander)	0.3333333333333333
118	9213	The Seven Vagabonds (From "Twice Told Tales")	Hawthorne, Nathaniel	0.3333333333333333
119	21701	The Settler and the Savage	Ballantyne, R. M. (Robert Michael)	0.3333333333333333
120	113	The Secret Garden	Burnett, Frances Hodgson	0.3333333333333333
121	8812	The Secret Garden	Burnett, Frances Hodgson	0.3333333333333333
122	17396	The Secret Garden	Burnett, Frances Hodgson	0.3333333333333333
123	21585	The Secret Garden	Burnett, Frances Hodgson	0.3333333333333333
124	1937	The Second Jungle Book	Kipling, Rudyard	0.3333333333333333
125	4358	The Sea Fairies	Baum, L. Frank (Lyman Frank)	0.3333333333333333
126	1078	The Scouts of the Valley	Altsheler, Joseph A. (Joseph Alexander)	0.3333333333333333
127	957	The Scarecrow of Oz	Baum, L. Frank (Lyman Frank)	0.3333333333333333
128	1560	The San Francisco Calamity by Earthquake and Fire	Morris, Charles	0.3333333333333333
129	14891	The Rulers of the Lakes: A Story of George and Champlain	Altsheler, Joseph A. (Joseph Alexander)	0.3333333333333333
130	485	The Road to Oz	Baum, L. Frank (Lyman Frank)	0.3333333333333333
131	21241	The Rifle Rangers	Reid, Mayne	0.3333333333333333
132	21588	The Reluctant Dragon	Grahame, Kenneth	0.3333333333333333
133	21697	The Red Man's Revenge: A Tale of The Red River Flood	Ballantyne, R. M. (Robert Michael)	0.3333333333333333
134	540	The Red Fairy Book	nan	0.3333333333333333
135	21714	The Red Eric	Ballantyne, R. M. (Robert Michael)	0.3333333333333333
136	4513	The Rainbow and the Rose	Nesbit, E. (Edith)	0.3333333333333333
137	17436	The Queen's Cup	Henty, G. A. (George Alfred)	0.3333333333333333
138	708	The Princess and the Goblin	MacDonald, George	0.3333333333333333
139	709	The Princess and Curdie	MacDonald, George	0.3333333333333333
140	21694	The Prairie Chief	Ballantyne, R. M. (Robert Michael)	0.3333333333333333
141	21691	The Pioneers	Ballantyne, R. M. (Robert Michael)	0.3333333333333333
142	5615	The Pink Fairy Book	Lang, Andrew	0.3333333333333333
143	10222	The Pilgrims of New England
A Tale of the Early American Settlers	Webb, J. B., Mrs. (Annie)	0.3333333333333333
144	22014	The Peter Patter Book of Nursery Rhymes	Jackson, Leroy F. (Leroy Freeman)	0.3333333333333333
145	20425	The Peace Egg and Other tales	Ewing, Juliana Horatia	0.3333333333333333
146	955	The Patchwork Girl of Oz	Baum, L. Frank (Lyman Frank)	0.3333333333333333
147	9256	The Paradise of Children
(From: "A Wonder-Book for Girls and Boys")	Hawthorne, Nathaniel	0.3333333333333333
148	15149	The Palace Beautiful: A Story for Girls	Meade, L. T.	0.3333333333333333
149	23897	The Owl and the Pussycat	Lear, Edward	0.3333333333333333
150	3027	The Orange Fairy Book	Lang, Andrew	0.3333333333333333
151	11506	The Old Bell of Independence; Or, Philadelphia in 1776	Watson, Henry C. (Henry Clay)	0.3333333333333333
152	21754	The Ocean and Its Wonders	Ballantyne, R. M. (Robert Michael)	0.3333333333333333
153	20997	The Nürnberg Stove	Ouida	0.3333333333333333
154	18571	The Northmen, Columbus and Cabot, 985-1503	nan	0.3333333333333333
155	21753	The Norsemen in the West	Ballantyne, R. M. (Robert Michael)	0.3333333333333333
156	8188	The Mysterious Key and What It Opened	Alcott, Louisa May	0.3333333333333333
157	9258	The Miraculous Pitcher
(From: "A Wonder-Book for Girls and Boys")	Hawthorne, Nathaniel	0.3333333333333333
158	21751	The Middy and the Moors: An Algerine Story	Ballantyne, R. M. (Robert Michael)	0.3333333333333333
159	11311	The Masters of the Peaks: A Story of the Great North Woods	Altsheler, Joseph A. (Joseph Alexander)	0.3333333333333333
160	436	The Master Key
An Electrical Fairy Tale Founded Upon the Mysteries of Electricity	Baum, L. Frank (Lyman Frank)	0.3333333333333333
161	21526	The Master Key
An Electrical Fairy Tale Founded Upon the Mysteries of Electricity	Baum, L. Frank (Lyman Frank)	0.3333333333333333
162	54	The Marvelous Land of Oz	Baum, L. Frank (Lyman Frank)	0.3333333333333333
163	19466	The Marvelous Land of Oz	Baum, L. Frank (Lyman Frank)	0.3333333333333333
164	17426	The Marvelous Land Of Oz	Baum, L. Frank (Lyman Frank)	0.3333333333333333
165	419	The Magic of Oz	Baum, L. Frank (Lyman Frank)	0.3333333333333333
166	23625	The Magic Pudding	Lindsay, Norman	0.3333333333333333
167	6906	The Lost Trail	Ellis, Edward Sylvester	0.3333333333333333
168	11151	The Lost Trail	Ellis, Edward Sylvester	0.3333333333333333
169	24459	The Lost Princess of Oz	Baum, L. Frank (Lyman Frank)	0.3333333333333333
170	384	The Lost Prince	Burnett, Frances Hodgson	0.3333333333333333
171	6675	The Loss of the S. S. Titanic: Its Story and Its Lessons	Beesley, Lawrence	0.3333333333333333
172	11961	The Lords of the Wild: A Story of the Old New York Border	Altsheler, Joseph A. (Joseph Alexander)	0.3333333333333333
173	21747	The Lonely Island: The Refuge of the Mutineers	Ballantyne, R. M. (Robert Michael)	0.3333333333333333
174	21240	The Lone Ranche	Reid, Mayne	0.3333333333333333
175	23377	The Lively Poll: A Tale of the North Sea	Ballantyne, R. M. (Robert Michael)	0.3333333333333333
176	496	The Little Lame Prince	Craik, Dinah Maria Mulock	0.3333333333333333
177	23977	The Little Lame Prince	Craik, Dinah Maria Mulock	0.3333333333333333
178	5303	The Little Hunchback Zia	Burnett, Frances Hodgson	0.3333333333333333
179	9217	The Lily's Quest (From "Twice Told Tales")	Hawthorne, Nathaniel	0.3333333333333333
180	3454	The Lilac Fairy Book	Lang, Andrew	0.3333333333333333
181	15124	The Lighthouse	Ballantyne, R. M. (Robert Michael)	0.3333333333333333
182	21746	The Lighthouse	Ballantyne, R. M. (Robert Michael)	0.3333333333333333
183	18811	The Light Princess and Other Fairy Stories	MacDonald, George	0.3333333333333333
184	697	The Light Princess	MacDonald, George	0.3333333333333333
185	21744	The Lifeboat	Ballantyne, R. M. (Robert Michael)	0.3333333333333333
186	21745	The Life of a Ship	Ballantyne, R. M. (Robert Michael)	0.3333333333333333
187	7882	The Life of Kit Carson: Hunter, Trapper, Guide, Indian Agent and Colonel U.S.A.	Ellis, Edward Sylvester	0.3333333333333333
188	520	The Life and Adventures of Santa Claus	Baum, L. Frank (Lyman Frank)	0.3333333333333333
189	23965	The Legend of Sleepy Hollow	Irving, Washington	0.3333333333333333
190	17386	The Leading Facts of English History	Montgomery, D. H. (David Henry)	0.3333333333333333
191	5302	The Land of the Blue Flower	Burnett, Frances Hodgson	0.3333333333333333
192	16855	The Land of Mystery	Ellis, Edward Sylvester	0.3333333333333333
193	20105	The Land We Live In
The Story of Our Country	Mann, Henry	0.3333333333333333
194	11260	The Kiltartan History Book	Gregory, Lady	0.3333333333333333
195	8075	The Junior Classics, Volume 8: Animal and Nature Stories	nan	0.3333333333333333
196	6302	The Junior Classics, Volume 7: Stories of Courage and Heroism	nan	0.3333333333333333
197	6577	The Junior Classics, Volume 6: Old-Fashioned Tales	nan	0.3333333333333333
198	6328	The Junior Classics, Volume 5: Stories that never grow old	nan	0.3333333333333333
199	6323	The Junior Classics, Volume 4: Heroes and heroines of chivalry	nan	0.3333333333333333
200	3152	The Junior Classics, Volume 1: Fairy and wonder tales	nan	0.3333333333333333
201	16805	The Jungle Fugitives: A Tale of Life and Adventure in India
Including also Many Stories of American Adventure, Enterprise and Daring	Ellis, Edward Sylvester	0.3333333333333333
202	8419	The Journals of Lewis and Clark, 1804-1806	Lewis, Meriwether	0.3333333333333333
203	8419	The Journals of Lewis and Clark, 1804-1806	Clark, William	0.3333333333333333
204	20163	The Jolliest School of All	Brazil, Angela	0.3333333333333333
205	24560	The Jingle Book	Wells, Carolyn	0.3333333333333333
206	21741	The Island Queen	Ballantyne, R. M. (Robert Michael)	0.3333333333333333
207	21740	The Iron Horse	Ballantyne, R. M. (Robert Michael)	0.3333333333333333
208	10912	The Infant's Delight: Poetry	Anonymous	0.3333333333333333
209	13	The Hunting of the Snark: An Agony in Eight Fits	Carroll, Lewis	0.3333333333333333
210	21521	The Hunting of the Snark	Carroll, Lewis	0.3333333333333333
211	14890	The Hunters of the Hills	Altsheler, Joseph A. (Joseph Alexander)	0.3333333333333333
212	7506	The Huge Hunter; Or, The Steam Man of the Prairies	Ellis, Edward Sylvester	0.3333333333333333
213	21757	The Hot Swamp	Ballantyne, R. M. (Robert Michael)	0.3333333333333333
214	15285	The Hosts of the Air	Altsheler, Joseph A. (Joseph Alexander)	0.3333333333333333
215	15778	The Honorable Miss: A Story of an Old-Fashioned Town	Meade, L. T.	0.3333333333333333
216	12272	The History of Puerto Rico
From the Spanish Discovery to the American Occupation	Van Middeldyk, R. A. (Rudolph Adams)	0.3333333333333333
217	9209	The Haunted Mind (From "Twice Told Tales")	Hawthorne, Nathaniel	0.3333333333333333
218	902	The Happy Prince, and Other Tales	Wilde, Oscar	0.3333333333333333
219	23937	The Happy Prince, and Other Tales	Wilde, Oscar	0.3333333333333333
220	6746	The Grey Fairy Book	nan	0.3333333333333333
221	7277	The Green Fairy Book	nan	0.3333333333333333
222	21736	The Gorilla Hunters	Ballantyne, R. M. (Robert Michael)	0.3333333333333333
223	9255	The Gorgon's Head
(From: "A Wonder-Book for Girls and Boys")	Hawthorne, Nathaniel	0.3333333333333333
224	316	The Golden Road	Montgomery, L. M. (Lucy Maud)	0.3333333333333333
225	21734	The Golden Dream: Adventures in the Far West	Ballantyne, R. M. (Robert Michael)	0.3333333333333333
226	22980	The Golden Dream	Ballantyne, R. M. (Robert Michael)	0.3333333333333333
227	11609	The Golden Canyon	Henty, G. A. (George Alfred)	0.3333333333333333
228	21275	The Goat and Her Kid	Myrtle, Harriet	0.3333333333333333
229	21733	The Giant of the North: Pokings Round the Pole	Ballantyne, R. M. (Robert Michael)	0.3333333333333333
230	21737	The Garret and the Garden; Or, Low Life High Up	Ballantyne, R. M. (Robert Michael)	0.3333333333333333
231	23263	The Fugitives: The Tyrant Queen of Madagascar	Ballantyne, R. M. (Robert Michael)	0.3333333333333333
232	15055	The Free Rangers: A Story of the Early Days Along the Mississippi	Altsheler, Joseph A. (Joseph Alexander)	0.3333333333333333
233	15760	The Forest of Swords: A Story of Paris and the Marne	Altsheler, Joseph A. (Joseph Alexander)	0.3333333333333333
234	14876	The Forest Runners: A Story of the Great War Trail in Early Kentucky	Altsheler, Joseph A. (Joseph Alexander)	0.3333333333333333
235	53386	The Flying Girl	Baum, L. Frank (Lyman Frank)	0.3333333333333333
236	21735	The Floating Light of the Goodwin Sands	Ballantyne, R. M. (Robert Michael)	0.3333333333333333
237	2315	The Flag-Raising	Wiggin, Kate Douglas Smith	0.3333333333333333
238	6301	The Eve of the French Revolution	Lowell, Edward J. (Edward Jackson)	0.3333333333333333
239	462	The Errand Boy; Or, How Phil Brent Won Success	Alger, Horatio, Jr.	0.3333333333333333
240	518	The Enchanted Island of Yew
Whereon Prince Marvel Encountered the High Ki of Twi and Other Surprising People	Baum, L. Frank (Lyman Frank)	0.3333333333333333
241	517	The Emerald City of Oz	Baum, L. Frank (Lyman Frank)	0.3333333333333333
242	20515	The Eagle of the Empire: A Story of Waterloo	Brady, Cyrus Townsend	0.3333333333333333
243	23373	The Eagle Cliff	Ballantyne, R. M. (Robert Michael)	0.3333333333333333
244	21728	The Dog Crusoe and his Master	Ballantyne, R. M. (Robert Michael)	0.3333333333333333
245	10929	The Dog Crusoe and His Master: A Story of Adventure in the Western Prairies	Ballantyne, R. M. (Robert Michael)	0.3333333333333333
246	1867	The Diary of a Goose Girl	Wiggin, Kate Douglas Smith	0.3333333333333333
247	460	The Dawn of a To-morrow	Burnett, Frances Hodgson	0.3333333333333333
248	21986	The Dash for Khartoum: A Tale of the Nile Expedition	Henty, G. A. (George Alfred)	0.3333333333333333
249	2435	The Crimson Fairy Book	Lang, Andrew	0.3333333333333333
250	678	The Cricket on the Hearth: A Fairy Tale of Home	Dickens, Charles	0.3333333333333333
251	20795	The Cricket on the Hearth	Dickens, Charles	0.3333333333333333
252	21710	The Crew of the Water Wagtail	Ballantyne, R. M. (Robert Michael)	0.3333333333333333
253	21725	The Coxswain's Bride; also, Jack Frost and Sons; and, A Double Rescue	Ballantyne, R. M. (Robert Michael)	0.3333333333333333
254	646	The Coral Island: A Tale of the Pacific Ocean	Ballantyne, R. M. (Robert Michael)	0.3333333333333333
255	7124	The Coral Island: A Tale of the Pacific Ocean	Ballantyne, R. M. (Robert Michael)	0.3333333333333333
256	21721	The Coral Island	Ballantyne, R. M. (Robert Michael)	0.3333333333333333
257	23773	The Coming Wave; Or, The Hidden Treasure of High Rock	Optic, Oliver	0.3333333333333333
258	21239	The Cliff Climbers
A Sequel to "The Plant Hunters"	Reid, Mayne	0.3333333333333333
259	14411	The Children's Six Minutes	Wright, Bruce S. (Bruce Simpson)	0.3333333333333333
260	18146	The Children's Portion	nan	0.3333333333333333
261	6899	The Children's Pilgrimage	Meade, L. T.	0.3333333333333333
262	9080	The Children's Own Longfellow	Longfellow, Henry Wadsworth	0.3333333333333333
263	13685	The Children's Hour, v 5. Stories From Seven Old Favorites	Tappan, Eva March	0.3333333333333333
264	14752	The Children's Hour, Volume 3 (of 10)
Stories from the Classics	nan	0.3333333333333333
265	23580	The Children's Bible	Kent, Charles Foster	0.3333333333333333
266	23580	The Children's Bible	Sherman, Henry A.	0.3333333333333333
267	14647	The Cave in the Mountain
A Sequel to In the Pecos Country	Ellis, Edward Sylvester	0.3333333333333333
268	21238	The Castaways	Reid, Mayne	0.3333333333333333
269	296	The Cash Boy	Alger, Horatio, Jr.	0.3333333333333333
270	23267	The Cannibal Islands: Captain Cook's Adventure in the South Seas	Ballantyne, R. M. (Robert Michael)	0.3333333333333333
271	21823	The Butterfly's Ball and the Grasshopper's Feast	Ballantyne, R. M. (Robert Michael)	0.3333333333333333
272	21823	The Butterfly's Ball and the Grasshopper's Feast	Roscoe, William	0.3333333333333333
273	21237	The Bush Boys: History and Adventures of a Cape Farmer and his Family	Reid, Mayne	0.3333333333333333
274	23372	The Buffalo Runners: A Tale of the Red River Plains	Ballantyne, R. M. (Robert Michael)	0.3333333333333333
275	16052	The Brownies and Other Tales	Ewing, Juliana Horatia	0.3333333333333333
276	3282	The Brown Fairy Book	Lang, Andrew	0.3333333333333333
277	21125	The Boy Patriot	Ellis, Edward Sylvester	0.3333333333333333
278	13354	The Boy Knight: A Tale of the Crusades	Henty, G. A. (George Alfred)	0.3333333333333333
279	21236	The Boy Hunters	Reid, Mayne	0.3333333333333333
280	23661	The Book of Dragons	Nesbit, E. (Edith)	0.3333333333333333
281	503	The Blue Fairy Book	Lang, Andrew	0.3333333333333333
282	21901	The Birthday Party: A Story for Little Folks	Optic, Oliver	0.3333333333333333
283	721	The Birds' Christmas Carol	Wiggin, Kate Douglas Smith	0.3333333333333333
284	24286	The Birds' Christmas Carol	Wiggin, Kate Douglas Smith	0.3333333333333333
285	21718	The Big Otter	Ballantyne, R. M. (Robert Michael)	0.3333333333333333
286	18127	The Beginner's American History	Montgomery, D. H. (David Henry)	0.3333333333333333
287	23370	The Battle and the Breeze	Ballantyne, R. M. (Robert Michael)	0.3333333333333333
288	21716	The Battery and the Boiler: Adventures in Laying of Submarine Electric Cables	Ballantyne, R. M. (Robert Michael)	0.3333333333333333
289	11716	The Balkans: A History of Bulgaria—Serbia—Greece—Rumania—Turkey	Hogarth, D. G. (David George)	0.3333333333333333
290	11716	The Balkans: A History of Bulgaria—Serbia—Greece—Rumania—Turkey	Toynbee, Arnold	0.3333333333333333
291	11716	The Balkans: A History of Bulgaria—Serbia—Greece—Rumania—Turkey	Forbes, Nevill	0.3333333333333333
292	11716	The Balkans: A History of Bulgaria—Serbia—Greece—Rumania—Turkey	Mitrany, David	0.3333333333333333
293	20043	The Angel Children
or, Stories from Cloud-Land	Higgins, Charlotte M.	0.3333333333333333
294	2493	The Adventures of Paddy the Beaver	Burgess, Thornton W. (Thornton Waldo)	0.3333333333333333
295	8507	Ten Great Events in History	Johonnot, James	0.3333333333333333
296	23650	Ten Boys from History	Sweetser, Kate Dickinson	0.3333333333333333
297	23292	Ted and the Telephone	Bassett, Sara Ware	0.3333333333333333
298	976	Tanglewood Tales	Hawthorne, Nathaniel	0.3333333333333333
299	23271	Sunk at Sea	Ballantyne, R. M. (Robert Michael)	0.3333333333333333
300	9201	Sunday at Home (From "Twice Told Tales")	Hawthorne, Nathaniel	0.3333333333333333
301	20071	Sue, A Little Heroine	Meade, L. T.	0.3333333333333333
302	5417	Struggling Upward, or Luke Larkin's Luck	Alger, Horatio, Jr.	0.3333333333333333
303	23887	Strange Stories from History for Young People	Eggleston, George Cary	0.3333333333333333
304	18618	Stories of Later American History	Gordy, Wilbur F. (Wilbur Fisk)	0.3333333333333333
305	10070	Stories of Great Americans for Little Americans	Eggleston, Edward	0.3333333333333333
306	23751	Southern Stories
Retold from St. Nicholas	Various	0.3333333333333333
307	23545	Songs of Childhood	De la Mare, Walter	0.3333333333333333
308	6357	Snowflakes and Sunbeams; Or, The Young Fur-traders: A Tale of the Far North	Ballantyne, R. M. (Robert Michael)	0.3333333333333333
309	9212	Snow Flakes (From "Twice Told Tales")	Hawthorne, Nathaniel	0.3333333333333333
310	4356	Sky Island
Being the further exciting adventures of Trot and Cap'n Bill after their visit to the sea fairies	Baum, L. Frank (Lyman Frank)	0.3333333333333333
311	19360	Six to Sixteen: A Story for Girls	Ewing, Juliana Horatia	0.3333333333333333
312	21704	Six Months at the Cape	Ballantyne, R. M. (Robert Michael)	0.3333333333333333
313	781	Sinking of the Titanic and Great Sea Disasters	nan	0.3333333333333333
314	21703	Silver Lake	Ballantyne, R. M. (Robert Michael)	0.3333333333333333
315	9205	Sights from a Steeple (From "Twice Told Tales")	Hawthorne, Nathaniel	0.3333333333333333
316	21702	Shifting Winds: A Tough Yarn	Ballantyne, R. M. (Robert Michael)	0.3333333333333333
317	23385	Saved by the Lifeboat	Ballantyne, R. M. (Robert Michael)	0.3333333333333333
318	24772	Sara Crewe; Or, What Happened at Miss Minchin's	Burnett, Frances Hodgson	0.3333333333333333
319	20092	Saint Bartholomew's Eve: A Tale of the Huguenot Wars	Henty, G. A. (George Alfred)	0.3333333333333333
320	8659	Sabbath in Puritan New England	Earle, Alice Morse	0.3333333333333333
321	7229	Rujub, the Juggler	Henty, G. A. (George Alfred)	0.3333333333333333
322	2804	Rose in Bloom
A Sequel to "Eight Cousins"	Alcott, Louisa May	0.3333333333333333
323	21698	Rivers of Ice	Ballantyne, R. M. (Robert Michael)	0.3333333333333333
324	12741	Risen from the Ranks; Or, Harry Walton's Success	Alger, Horatio, Jr.	0.3333333333333333
325	25581	Rinkitink in Oz	Baum, L. Frank (Lyman Frank)	0.3333333333333333
326	3796	Rilla of Ingleside	Montgomery, L. M. (Lucy Maud)	0.3333333333333333
327	9075	Rico and Wiseli	Spyri, Johanna	0.3333333333333333
328	23022	Red Rose and Tiger Lily; Or, In a Wider World	Meade, L. T.	0.3333333333333333
329	21696	Red Rooney: The Last of the Crew	Ballantyne, R. M. (Robert Michael)	0.3333333333333333
330	5343	Rainbow Valley	Montgomery, L. M. (Lucy Maud)	0.3333333333333333
331	5348	Ragged Dick, Or, Street Life in New York with the Boot-Blacks	Alger, Horatio, Jr.	0.3333333333333333
332	20689	Ragged Dick	Alger, Horatio, Jr.	0.3333333333333333
333	8574	Racketty-Packetty House, as Told by Queen Crosspatch	Burnett, Frances Hodgson	0.3333333333333333
334	5420	Rab and His Friends	Brown, John	0.3333333333333333
335	557	Puck of Pook's Hill	Kipling, Rudyard	0.3333333333333333
336	15976	Puck of Pook's Hill	Kipling, Rudyard	0.3333333333333333
337	21994	Prince Ricardo of Pantouflia: Being the Adventures of Prince Prigio's Son	Lang, Andrew	0.3333333333333333
338	21935	Prince Prigio
From "His Own Fairy Book"	Lang, Andrew	0.3333333333333333
339	21693	Post Haste	Ballantyne, R. M. (Robert Michael)	0.3333333333333333
340	484	Poor and Proud; Or, The Fortunes of Katy Redburn: A Story for Young Folks	Optic, Oliver	0.3333333333333333
341	18666	Polly: A New-Fashioned Girl	Meade, L. T.	0.3333333333333333
342	16436	Poems Every Child Should Know
The What-Every-Child-Should-Know-Library	nan	0.3333333333333333
343	21436	Poems Every Child Should Know	nan	0.3333333333333333
344	21756	Philosopher Jack	Ballantyne, R. M. (Robert Michael)	0.3333333333333333
345	671	Phil, the Fiddler	Alger, Horatio, Jr.	0.3333333333333333
346	16891	Peter Parley's Tales About America and Australia	Goodrich, Samuel G. (Samuel Griswold)	0.3333333333333333
347	1868	Penelope's Postscripts	Wiggin, Kate Douglas Smith	0.3333333333333333
348	1391	Penelope's Irish Experiences	Wiggin, Kate Douglas Smith	0.3333333333333333
349	1217	Penelope's Experiences in Scotland
Being Extracts from the Commonplace Book of Penelope Hamilton	Wiggin, Kate Douglas Smith	0.3333333333333333
350	1278	Penelope's English Experiences
Being Extracts from the Commonplace Book of Penelope Hamilton	Wiggin, Kate Douglas Smith	0.3333333333333333
351	659	Paul the Peddler; Or, The Fortunes of a Young Street Merchant	Alger, Horatio, Jr.	0.3333333333333333
352	293	Paul Prescott's Charge	Alger, Horatio, Jr.	0.3333333333333333
353	18216	Pathfinders of the West
Being the Thrilling Story of the Adventures of the Men Who
Discovered the Great Northwest: Radisson, La Vérendrye,
Lewis and Clark	Laut, Agnes C.	0.3333333333333333
354	486	Ozma of Oz
A Record of Her Adventures with Dorothy Gale of Kansas, the Yellow Hen, the Scarecrow, the Tin Woodman, Tiktok, the Cowardly Lion, and the Hungry Tiger; Besides Other Good People too Numerous to Mention Faithfully Recorded Herein	Baum, L. Frank (Lyman Frank)	0.3333333333333333
355	23075	Ozma of Oz	Baum, L. Frank (Lyman Frank)	0.3333333333333333
356	24086	Over the Rocky Mountains: Wandering Will in the Land of the Redskin	Ballantyne, R. M. (Robert Michael)	0.3333333333333333
357	15920	Outward Bound Or, Young America Afloat: A Story of Travel and Adventure	Optic, Oliver	0.3333333333333333
358	16171	Our Boys
Entertaining Stories by Popular Authors	Various	0.3333333333333333
359	18356	Orange and Green: A Tale of the Boyne and Limerick	Henty, G. A. (George Alfred)	0.3333333333333333
360	21946	Op Eigen Wieken	Alcott, Louisa May	0.3333333333333333
361	16869	Oonomoo the Huron	Ellis, Edward Sylvester	0.3333333333333333
362	17268	Ontario Teachers' Manuals: History	Ontario. Department of Education	0.3333333333333333
363	11111	Only an Irish Boy; Or, Andy Burke's Fortunes	Alger, Horatio, Jr.	0.3333333333333333
364	17337	Onder Moeders Vleugels	Alcott, Louisa May	0.3333333333333333
365	6472	On the Pampas; Or, The Young Settlers	Henty, G. A. (George Alfred)	0.3333333333333333
366	21242	On the Irrawaddy: A Story of the First Burmese War	Henty, G. A. (George Alfred)	0.3333333333333333
367	4980	Old Granny Fox	Burgess, Thornton W. (Thornton Waldo)	0.3333333333333333
368	14762	Now or Never; Or, The Adventures of Bobby Bright: A Story for Young Folks	Optic, Oliver	0.3333333333333333
369	19473	Now or Never; Or, The Adventures of Bobby Bright	Optic, Oliver	0.3333333333333333
370	5868	Nothing to Eat	Alger, Horatio, Jr.	0.3333333333333333
371	5868	Nothing to Eat	Haliburton, Thomas Chandler	0.3333333333333333
372	23494	Notable Voyagers, From Columbus to Nordenskiold	Kingston, William Henry Giles	0.3333333333333333
373	23494	Notable Voyagers, From Columbus to Nordenskiold	Frith, Henry	0.3333333333333333
374	20091	No Surrender! A Tale of the Rising in La Vendee	Henty, G. A. (George Alfred)	0.3333333333333333
375	24430	Nights With Uncle Remus	Harris, Joel Chandler	0.3333333333333333
376	25496	New Treasure Seekers; Or, The Bastable Children in Search of a Fortune	Nesbit, E. (Edith)	0.3333333333333333
377	1375	New Chronicles of Rebecca	Wiggin, Kate Douglas Smith	0.3333333333333333
378	20740	Myths and Legends of All Nations
Famous Stories from the Greek, German, English, Spanish,
Scandinavian, Danish, French, Russian, Bohemian, Italian
and other sources	nan	0.3333333333333333
379	5304	My Robin	Burnett, Frances Hodgson	0.3333333333333333
380	10857	My Native Land
The United States: its Wonders, its Beauties, and its People; with Descriptive Notes, Character Sketches, Folk Lore, Traditions, Legends and History, for the Amusement of the Old and the Instruction of the Young	Cox, James	0.3333333333333333
381	21752	My Doggie and I	Ballantyne, R. M. (Robert Michael)	0.3333333333333333
382	5791	Mrs. Peter Rabbit	Burgess, Thornton W. (Thornton Waldo)	0.3333333333333333
383	17772	Mrs. Overtheway's Remembrances	Ewing, Juliana Horatia	0.3333333333333333
384	10540	Mother Carey's Chickens	Wiggin, Kate Douglas Smith	0.3333333333333333
385	9383	Moni the Goat-Boy	Spyri, Johanna	0.3333333333333333
386	19648	Mingo, and Other Sketches in Black and White	Harris, Joel Chandler	0.3333333333333333
387	16540	Melchior's Dream and Other Tales	Ewing, Juliana Horatia	0.3333333333333333
388	19644	Mary's Meadow, and Other Tales of Fields and Flowers	Ewing, Juliana Horatia	0.3333333333333333
389	13290	Martin Rattler	Ballantyne, R. M. (Robert Michael)	0.3333333333333333
390	21750	Martin Rattler	Ballantyne, R. M. (Robert Michael)	0.3333333333333333
391	3149	Marm Lisa	Wiggin, Kate Douglas Smith	0.3333333333333333
392	5352	Marjorie's Three Gifts	Alcott, Louisa May	0.3333333333333333
393	21749	Man on the Ocean: A Book about Boats and Ships	Ballantyne, R. M. (Robert Michael)	0.3333333333333333
394	13803	Making His Way; Or, Frank Courtney's Struggle Upward	Alger, Horatio, Jr.	0.3333333333333333
395	10142	Maezli: A Story of the Swiss Valleys	Spyri, Johanna	0.3333333333333333
396	23274	Lost in the Forest: Wandering Will's Adventures in South America	Ballantyne, R. M. (Robert Michael)	0.3333333333333333
397	514	Little Women	Alcott, Louisa May	0.3333333333333333
398	19467	Little Wizard Stories of Oz	Baum, L. Frank (Lyman Frank)	0.3333333333333333
399	25519	Little Wizard Stories of Oz	Baum, L. Frank (Lyman Frank)	0.3333333333333333
400	10466	Little Saint Elizabeth and Other Stories	Burnett, Frances Hodgson	0.3333333333333333
401	23869	Little Mr. Thimblefinger and His Queer Country	Harris, Joel Chandler	0.3333333333333333
402	19988	Little Maid Marian	Blanchard, Amy Ella	0.3333333333333333
403	479	Little Lord Fauntleroy	Burnett, Frances Hodgson	0.3333333333333333
404	9202	Little Annie's Ramble (From "Twice Told Tales")	Hawthorne, Nathaniel	0.3333333333333333
405	4670	Lightfoot the Deer	Burgess, Thornton W. (Thornton Waldo)	0.3333333333333333
406	7231	Light O' the Morning: The Story of an Irish Girl	Meade, L. T.	0.3333333333333333
407	21695	Life in the Red Brigade: London Fire Brigade	Ballantyne, R. M. (Robert Michael)	0.3333333333333333
408	16623	Letters of a Woman Homesteader	Stewart, Elinore Pruitt	0.3333333333333333
409	17750	Laugh and play : $b A collection of original stories	nan	0.3333333333333333
410	17482	La Aventuroj de Alicio en Mirlando	Carroll, Lewis	0.3333333333333333
411	15764	Kullankaivajat ja indiaanit: Kertomus Pohjois-Meksikosta	Reid, Mayne	0.3333333333333333
412	21652	Klondike Nuggets, and How Two Boys Secured Them	Ellis, Edward Sylvester	0.3333333333333333
413	10360	Kitty's Class Day and Other Stories	Alcott, Louisa May	0.3333333333333333
414	14457	Kings, Queens and Pawns: An American Woman at the Front	Rinehart, Mary Roberts	0.3333333333333333
415	5341	Kilmeny of the Orchard	Montgomery, L. M. (Lucy Maud)	0.3333333333333333
416	20307	Kate's ordeal	Leslie, Emma	0.3333333333333333
417	2781	Just So Stories	Kipling, Rudyard	0.3333333333333333
418	24532	Journeys Through Bookland, Vol. 8	Sylvester, Charles Herbert	0.3333333333333333
419	23405	Journeys Through Bookland, Vol. 7	Sylvester, Charles Herbert	0.3333333333333333
420	21864	Journeys Through Bookland, Vol. 6	Sylvester, Charles Herbert	0.3333333333333333
421	11250	Journeys Through Bookland, Vol. 5	Sylvester, Charles Herbert	0.3333333333333333
422	7013	Journeys Through Bookland, Vol. 4	Sylvester, Charles Herbert	0.3333333333333333
423	5902	Journeys Through Bookland, Vol. 3	Sylvester, Charles Herbert	0.3333333333333333
424	5796	Journeys Through Bookland, Vol. 2	Sylvester, Charles Herbert	0.3333333333333333
425	24857	Journeys Through Bookland, Vol. 10: The Guide	Sylvester, Charles Herbert	0.3333333333333333
426	12823	Joe's Luck; Or, Always Wide Awake	Alger, Horatio, Jr.	0.3333333333333333
427	528	Joe the Hotel Boy; Or, Winning out by Pluck	Alger, Horatio, Jr.	0.3333333333333333
428	21743	Jeff Benson, or the Young Coastguardsman	Ballantyne, R. M. (Robert Michael)	0.3333333333333333
429	21742	Jarwin and Cuffy	Ballantyne, R. M. (Robert Michael)	0.3333333333333333
430	5601	Jan of the Windmill: A Story of the Plains	Ewing, Juliana Horatia	0.3333333333333333
431	7865	Jackanapes, Daddy Darwin's Dovecot and Other Stories	Ewing, Juliana Horatia	0.3333333333333333
432	20351	Jackanapes	Ewing, Juliana Horatia	0.3333333333333333
433	10729	Jack's Ward; Or, The Boy Guardian	Alger, Horatio, Jr.	0.3333333333333333
434	2786	Jack and Jill	Alcott, Louisa May	0.3333333333333333
435	22451	Jack and Jill	Alcott, Louisa May	0.3333333333333333
436	11058	Jack Archer: A Tale of the Crimea	Henty, G. A. (George Alfred)	0.3333333333333333
437	23717	Jabberwocky	Carroll, Lewis	0.3333333333333333
438	9897	Introductory American History	Bourne, Henry Eldridge	0.3333333333333333
439	9897	Introductory American History	Benton, Elbert Jay	0.3333333333333333
440	21705	In the Track of the Troops	Ballantyne, R. M. (Robert Michael)	0.3333333333333333
441	3785	In the Reign of Terror: The Adventures of a Westminster Boy	Henty, G. A. (George Alfred)	0.3333333333333333
442	5828	In the Pecos Country	Ellis, Edward Sylvester	0.3333333333333333
443	8670	In the Heart of the Rockies: A Story of Adventure in Colorado	Henty, G. A. (George Alfred)	0.3333333333333333
444	7071	In Times of Peril: A Tale of India	Henty, G. A. (George Alfred)	0.3333333333333333
445	4378	In Homespun	Nesbit, E. (Edith)	0.3333333333333333
446	21739	Hunting the Lions	Ballantyne, R. M. (Robert Michael)	0.3333333333333333
447	21738	Hunted and Harried	Ballantyne, R. M. (Robert Michael)	0.3333333333333333
448	21758	Hudson Bay	Ballantyne, R. M. (Robert Michael)	0.3333333333333333
449	23496	How Britannia Came to Rule the Waves
Updated to 1900	Kingston, William Henry Giles	0.3333333333333333
450	3492	Homespun Tales	Wiggin, Kate Douglas Smith	0.3333333333333333
451	10583	Holland: The History of the Netherlands	Grattan, Thomas Colley	0.3333333333333333
452	7001	History of the Philippine Islands	Morga, Antonio de	0.3333333333333333
453	14971	History of Holland	Edmundson, George	0.3333333333333333
454	17287	History of France	Yonge, Charlotte M. (Charlotte Mary)	0.3333333333333333
455	4265	Heroes Every Child Should Know	Mabie, Hamilton Wright	0.3333333333333333
456	6162	Herbert Carter's Legacy; Or, the Inventor's Son	Alger, Horatio, Jr.	0.3333333333333333
457	5833	Helping Himself; Or, Grant Thornton's Ambition	Alger, Horatio, Jr.	0.3333333333333333
458	21788	Held Fast For England: A Tale of the Siege of Gibraltar (1779-83)	Henty, G. A. (George Alfred)	0.3333333333333333
459	20781	Heidi
(Gift Edition)	Spyri, Johanna	0.3333333333333333
460	1448	Heidi	Spyri, Johanna	0.3333333333333333
461	20271	Heidi	Spyri, Johanna	0.3333333333333333
462	5674	Hector's Inheritance, Or, the Boys of Smith Institute	Alger, Horatio, Jr.	0.3333333333333333
463	19136	Hayslope Grange: A Tale of the Civil War	Leslie, Emma	0.3333333333333333
464	6572	Haste and Waste; Or, the Young Pilot of Lake Champlain. A Story for Young People	Optic, Oliver	0.3333333333333333
465	13355	Happy Jack	Burgess, Thornton W. (Thornton Waldo)	0.3333333333333333
466	23389	Handbook to the new Gold-fields	Ballantyne, R. M. (Robert Michael)	0.3333333333333333
467	15727	Gritli's Children	Spyri, Johanna	0.3333333333333333
468	16038	Great Epochs in American History, Volume 2
The Planting of the First Colonies: 1562—1733	nan	0.3333333333333333
469	16037	Great Epochs in American History, Volume 1.
Voyages of Discovery and Early Explorations: 1000 A.D.-1682	nan	0.3333333333333333
470	19909	Good Cheer Stories Every Child Should Know	nan	0.3333333333333333
471	22308	Golden Moments
Bright Stories for Young Folks	Anonymous	0.3333333333333333
472	961	Glinda of Oz
In Which Are Related the Exciting Experiences of Princess Ozma of Oz, and Dorothy, in Their Hazardous Journey to the Home of the Flatheads, and to the Magic Isle of the Skeezers, and How They Were Rescued from Dire Peril by the Sorcery of Glinda the Good	Baum, L. Frank (Lyman Frank)	0.3333333333333333
473	19140	Girlhood and Womanhood
The Story of some Fortunes and Misfortunes	Tytler, Sarah	0.3333333333333333
474	6804	General History for Colleges and High Schools	Myers, P. V. N. (Philip Van Ness)	0.3333333333333333
475	23384	Gascoyne, the Sandal-Wood Trader	Ballantyne, R. M. (Robert Michael)	0.3333333333333333
476	15689	Gascoyne, The Sandal-Wood Trader: A Tale of the Pacific	Ballantyne, R. M. (Robert Michael)	0.3333333333333333
477	5340	Further Chronicles of Avonlea	Montgomery, L. M. (Lucy Maud)	0.3333333333333333
478	22565	From Farm to Fortune; or, Nat Nason's Strange Experience	Alger, Horatio, Jr.	0.3333333333333333
479	14964	From Canal Boy to President; Or, the Boyhood and Manhood of James A. Garfield	Alger, Horatio, Jr.	0.3333333333333333
480	10366	Freedom's Battle
Being a Comprehensive Collection of Writings and Speeches on the Present Situation	Gandhi, Mahatma	0.3333333333333333
481	23505	Freaks on the Fells: Three Months' Rustication	Ballantyne, R. M. (Robert Michael)	0.3333333333333333
482	1573	Frank's Campaign; Or, The Farm and the Camp	Alger, Horatio, Jr.	0.3333333333333333
483	19592	Frank and Fearless; or, The Fortunes of Jasper Kent	Alger, Horatio, Jr.	0.3333333333333333
484	24252	Four Young Explorers; Or, Sight-Seeing in the Tropics	Optic, Oliver	0.3333333333333333
485	21732	Fort Desolation: Red Indians and Fur Traders of Rupert's Land	Ballantyne, R. M. (Robert Michael)	0.3333333333333333
486	8411	Forest and Frontiers; Or, Adventures Among the Indians	nan	0.3333333333333333
487	21614	For the Temple: A Tale of the Fall of Jerusalem	Henty, G. A. (George Alfred)	0.3333333333333333
488	21979	For Name and Fame; Or, Through Afghan Passes	Henty, G. A. (George Alfred)	0.3333333333333333
489	20791	For Love of Country: A Story of Land and Sea in the Days of the Revolution	Brady, Cyrus Townsend	0.3333333333333333
490	9218	Footprints on the Sea-Shore (From "Twice Told Tales")	Hawthorne, Nathaniel	0.3333333333333333
491	163	Flower Fables	Alcott, Louisa May	0.3333333333333333
492	778	Five Children and It	Nesbit, E. (Edith)	0.3333333333333333
493	20036	Five Children and It	Nesbit, E. (Edith)	0.3333333333333333
494	1236	First Across the Continent
The Story of the Exploring Expedition of Lewis and Clark in 1804-5-6	Brooks, Noah	0.3333333333333333
495	21202	Fighting the Whales	Ballantyne, R. M. (Robert Michael)	0.3333333333333333
496	21731	Fighting the Whales	Ballantyne, R. M. (Robert Michael)	0.3333333333333333
497	23380	Fighting the Flames	Ballantyne, R. M. (Robert Michael)	0.3333333333333333
498	6168	Fifty Famous People: A Book of Short Stories	Baldwin, James	0.3333333333333333
499	21446	Favourite Fables in Prose and Verse	nan	0.3333333333333333
500	23492	Fast in the Ice: Adventures in the Polar Regions	Ballantyne, R. M. (Robert Michael)	0.3333333333333333
501	9208	Fancy's Show-Box (From "Twice Told Tales")	Hawthorne, Nathaniel	0.3333333333333333
502	16247	Famous Stories Every Child Should Know	nan	0.3333333333333333
503	21632	Fame and Fortune; or, The Progress of Richard Hunter	Alger, Horatio, Jr.	0.3333333333333333
504	6461	Facing the World	Alger, Horatio, Jr.	0.3333333333333333
505	21730	Erling the Bold	Ballantyne, R. M. (Robert Michael)	0.3333333333333333
506	10436	Erick and Sally	Spyri, Johanna	0.3333333333333333
507	16294	England in America, 1580-1652	Tyler, Lyon Gardiner	0.3333333333333333
508	2726	Eight Cousins	Alcott, Louisa May	0.3333333333333333
509	9219	Edward Fane's Rosebud (From "Twice Told Tales")	Hawthorne, Nathaniel	0.3333333333333333
510	7960	Early European History	Webster, Hutton	0.3333333333333333
511	21729	Dusty Diamonds Cut and Polished: A Tale of City Arab Life and Adventure	Ballantyne, R. M. (Robert Michael)	0.3333333333333333
512	530	Driven from Home; Or, Carl Crawford's Experience	Alger, Horatio, Jr.	0.3333333333333333
513	22035	Dramatized Rhythm Plays
Mother Goose and Traditional	Richards, John N.	0.3333333333333333
514	24283	Down the River; Or, Buck Bradford and His Tyrants	Optic, Oliver	0.3333333333333333
515	24124	Down the Rhine; Or, Young America in Germany	Optic, Oliver	0.3333333333333333
516	420	Dorothy and the Wizard in Oz	Baum, L. Frank (Lyman Frank)	0.3333333333333333
517	19450	Dorothy and the Wizard in Oz	Baum, L. Frank (Lyman Frank)	0.3333333333333333
518	22566	Dorothy and the Wizard in Oz	Baum, L. Frank (Lyman Frank)	0.3333333333333333
519	53479	Don Gordon's Shooting-Box	Castlemon, Harry	0.3333333333333333
520	5747	Do and Dare — a Brave Boy's Fight for Fortune	Alger, Horatio, Jr.	0.3333333333333333
521	53367	Dik Trom en zijn Dorpsgenooten	Kieviet, Cornelis Johannes	0.3333333333333333
522	21727	Digging for Gold: Adventures in California	Ballantyne, R. M. (Robert Michael)	0.3333333333333333
523	21942	Dickory Dock	Meade, L. T.	0.3333333333333333
524	17253	Dewey and Other Naval Commanders	Ellis, Edward Sylvester	0.3333333333333333
525	21726	Deep Down, a Tale of the Cornish Mines	Ballantyne, R. M. (Robert Michael)	0.3333333333333333
526	18038	Days of the Discoverers	Lamprey, Louise	0.3333333333333333
527	24730	Daniel Boone
Taming the Wilds	Wilkie, Katharine Elliott	0.3333333333333333
528	53345	Dan, the Newsboy	Alger, Horatio, Jr.	0.3333333333333333
529	10340	Dab Kinzer: A Story of a Growing Boy	Stoddard, William O.	0.3333333333333333
530	21846	Crowded Out o' Crofield; or, The Boy who made his Way	Stoddard, William O.	0.3333333333333333
531	9739	Cricket on the Hearth	Dickens, Charles	0.3333333333333333
532	11337	Cowmen and Rustlers: A Story of the Wyoming Cattle Ranges	Ellis, Edward Sylvester	0.3333333333333333
533	6380	Cornelli	Spyri, Johanna	0.3333333333333333
534	8155	Colonel Thorndyke's Secret	Henty, G. A. (George Alfred)	0.3333333333333333
535	15798	Clover	Coolidge, Susan	0.3333333333333333
536	1354	Chronicles of Avonlea	Montgomery, L. M. (Lucy Maud)	0.3333333333333333
537	9215	Chippings with a Chisel (From "Twice Told Tales")	Hawthorne, Nathaniel	0.3333333333333333
538	10335	Children's Rights: A Book of Nursery Logic	Wiggin, Kate Douglas Smith	0.3333333333333333
539	24271	Children's Rhymes, Children's Games, Children's Songs, Children's Stories
A Book for Bairns and Big Folk	Ford, Robert	0.3333333333333333
540	25545	Children's Literature
A Textbook of Sources for Teachers and Teacher-Training Classes	Curry, Charles Madison	0.3333333333333333
541	25545	Children's Literature
A Textbook of Sources for Teachers and Teacher-Training Classes	Clippinger, Erle Elsworth	0.3333333333333333
542	22604	Children and Their Books	Penniman, James Hosmer	0.3333333333333333
543	19993	Childhood's Favorites and Fairy Stories
The Young Folks Treasury, Volume 1	nan	0.3333333333333333
544	21764	Child Stories from the Masters
Being a Few Modest Interpretations of Some Phases of the
Master Works Done in a Child Way	Menefee, Maud	0.3333333333333333
545	19389	Child Songs of Cheer	Stein, Evaleen	0.3333333333333333
546	23108	Chester Rand; or, The New Path to Fortune	Alger, Horatio, Jr.	0.3333333333333333
547	24324	Chatterbox, 1906	Various	0.3333333333333333
548	20117	Chatterbox, 1905.	Various	0.3333333333333333
549	23262	Chasing the Sun	Ballantyne, R. M. (Robert Michael)	0.3333333333333333
550	21720	Charlie to the Rescue	Ballantyne, R. M. (Robert Michael)	0.3333333333333333
551	399	Cast Upon the Breakers	Alger, Horatio, Jr.	0.3333333333333333
552	12296	Camps and Trails in China
A Narrative of Exploration, Adventure, and Sport in Little-Known China	Andrews, Roy Chapman	0.3333333333333333
553	12296	Camps and Trails in China
A Narrative of Exploration, Adventure, and Sport in Little-Known China	Andrews, Yvette Borup	0.3333333333333333
554	13912	Bébée; Or, Two Little Wooden Shoes	Ouida	0.3333333333333333
555	8576	By Sheer Pluck: A Tale of the Ashanti War	Henty, G. A. (George Alfred)	0.3333333333333333
556	9628	Buried Cities: Pompeii, Olympia, Mycenae (Complete)	Hall, Jennie	0.3333333333333333
557	16121	Brothers of Pity and Other Tales of Beasts and Men	Ewing, Juliana Horatia	0.3333333333333333
558	22433	Breaking Away; or, The Fortunes of a Student	Optic, Oliver	0.3333333333333333
559	9990	Brave and Bold; Or, The Fortunes of Robert Rushton	Alger, Horatio, Jr.	0.3333333333333333
560	11978	Brave Tom; Or, The Battle That Won	Ellis, Edward Sylvester	0.3333333333333333
561	25359	Boys and Girls Bookshelf; a Practical Plan of Character Building, Volume I (of 17)
Fun and Thought for Little Folk	Various	0.3333333333333333
562	15168	Bowser the Hound	Burgess, Thornton W. (Thornton Waldo)	0.3333333333333333
563	5977	Bound to Rise; Or, Up the Ladder	Alger, Horatio, Jr.	0.3333333333333333
564	7006	Bonnie Prince Charlie : a Tale of Fontenoy and Culloden	Henty, G. A. (George Alfred)	0.3333333333333333
565	21719	Blue Lights: Hot Work in the Soudan	Ballantyne, R. M. (Robert Michael)	0.3333333333333333
566	15348	Blown to Bits; or, The Lonely Man of Rakata	Ballantyne, R. M. (Robert Michael)	0.3333333333333333
567	23371	Blown to Bits: The Lonely Man of Rakata, the Malay Archipelago	Ballantyne, R. M. (Robert Michael)	0.3333333333333333
568	4979	Blacky the Crow	Burgess, Thornton W. (Thornton Waldo)	0.3333333333333333
569	21748	Black Ivory	Ballantyne, R. M. (Robert Michael)	0.3333333333333333
570	11860	Black Beauty, Young Folks' Edition	Sewell, Anna	0.3333333333333333
571	19637	Black Beauty - The Autobiography of a Horse	Sewell, Anna	0.3333333333333333
572	5834	Bimbi: Stories for Children	Ouida	0.3333333333333333
573	10380	Bible Stories and Religious Classics	Wells, Philip P. (Philip Patterson)	0.3333333333333333
574	9216	Beneath an Umbrella (From "Twice Told Tales")	Hawthorne, Nathaniel	0.3333333333333333
575	1430	Beautiful Stories from Shakespeare	Shakespeare, William	0.3333333333333333
576	1430	Beautiful Stories from Shakespeare	Nesbit, E. (Edith)	0.3333333333333333
577	10649	Beacon Lights of History, Volume 14: The New Era
A Supplementary Volume, by Recent Writers, as Set Forth in the Preface and Table of Contents	Lord, John	0.3333333333333333
578	10648	Beacon Lights of History, Volume 13: Great Writers
Dr Lord's Uncompleted Plan, Supplemented with Essays by Emerson, Macaulay, Hedge, and Mercer Adam	Lord, John	0.3333333333333333
579	10644	Beacon Lights of History, Volume 11: American Founders	Lord, John	0.3333333333333333
580	10641	Beacon Lights of History, Volume 10: European Leaders	Lord, John	0.3333333333333333
581	10640	Beacon Lights of History, Volume 09: European Statesmen	Lord, John	0.3333333333333333
582	10627	Beacon Lights of History, Volume 08: Great Rulers	Lord, John	0.3333333333333333
583	10533	Beacon Lights of History, Volume 07: Great Women	Lord, John	0.3333333333333333
584	10532	Beacon Lights of History, Volume 06: Renaissance and Reformation	Lord, John	0.3333333333333333
585	10531	Beacon Lights of History, Volume 05: The Middle Ages	Lord, John	0.3333333333333333
586	10522	Beacon Lights of History, Volume 04: Imperial Antiquity	Lord, John	0.3333333333333333
587	10484	Beacon Lights of History, Volume 03: Ancient Achievements	Lord, John	0.3333333333333333
588	10478	Beacon Lights of History, Volume 02: Jewish Heroes and Prophets	Lord, John	0.3333333333333333
589	10477	Beacon Lights of History, Volume 01: The Old Pagan Civilizations	Lord, John	0.3333333333333333
590	21717	Battles with the Sea	Ballantyne, R. M. (Robert Michael)	0.3333333333333333
591	16681	Baby Chatterbox	Anonymous	0.3333333333333333
592	21715	Away in the Wilderness	Ballantyne, R. M. (Robert Michael)	0.3333333333333333
593	22234	Aunt Jo's Scrap Bag, Volume 5
Jimmy's Cruise in the Pinafore, Etc.	Alcott, Louisa May	0.3333333333333333
594	22022	Aunt Jo's Scrap Bag, Volume 2
Shawl-Straps	Alcott, Louisa May	0.3333333333333333
595	225	At the Back of the North Wind	MacDonald, George	0.3333333333333333
596	18614	At the Back of the North Wind	MacDonald, George	0.3333333333333333
597	18614	At the Back of the North Wind	Lewis, Elizabeth	0.3333333333333333
598	22224	At Aboukir and Acre: A Story of Napoleon's Invasion of Egypt	Henty, G. A. (George Alfred)	0.3333333333333333
599	544	Anne's House of Dreams	Montgomery, L. M. (Lucy Maud)	0.3333333333333333
600	51	Anne of the Island	Montgomery, L. M. (Lucy Maud)	0.3333333333333333
601	20265	Anne of the Island	Montgomery, L. M. (Lucy Maud)	0.3333333333333333
602	45	Anne of Green Gables	Montgomery, L. M. (Lucy Maud)	0.3333333333333333
603	19576	Anne of Green Gables	Montgomery, L. M. (Lucy Maud)	0.3333333333333333
604	47	Anne of Avonlea	Montgomery, L. M. (Lucy Maud)	0.3333333333333333
605	19575	Anne of Avonlea	Montgomery, L. M. (Lucy Maud)	0.3333333333333333
606	14831	Andy Grant's Pluck	Alger, Horatio, Jr.	0.3333333333333333
607	14606	And Thus He Came: A Christmas Fantasy	Brady, Cyrus Townsend	0.3333333333333333
608	9991	Ancient Man: The Beginning of Civilizations	Van Loon, Hendrik Willem	0.3333333333333333
609	15663	Ancient Egypt	Rawlinson, George	0.3333333333333333
610	15663	Ancient Egypt	Gilman, Arthur	0.3333333333333333
611	6624	Ancient China Simplified	Parker, Edward Harper	0.3333333333333333
612	2787	An Old-Fashioned Girl	Alcott, Louisa May	0.3333333333333333
613	16508	American Men of Action	Stevenson, Burton Egbert	0.3333333333333333
614	22352	American Boy's Life of Theodore Roosevelt	Stratemeyer, Edward	0.3333333333333333
615	15002	All Aboard; or, Life on the Lake
A Sequel to "The Boat Club"	Optic, Oliver	0.3333333333333333
616	11	Alice's Adventures in Wonderland	Carroll, Lewis	0.3333333333333333
617	19033	Alice's Adventures in Wonderland	Carroll, Lewis	0.3333333333333333
618	19573	Alice's Adventures in Wonderland	Carroll, Lewis	0.3333333333333333
619	23716	Alice's Adventures in Wonderland	Carroll, Lewis	0.3333333333333333
620	19002	Alice's Adventures Under Ground
Being a facsimile of the original Ms. book afterwards developed into "Alice's Adventures in Wonderland"	Carroll, Lewis	0.3333333333333333
621	21189	Aesop, in Rhyme: Old Friends in a New Dress	Aesop	0.3333333333333333
622	21189	Aesop, in Rhyme: Old Friends in a New Dress	Park, Marmaduke	0.3333333333333333
623	23530	Adventures in Many Lands	Various	0.3333333333333333
624	18968	Adventure of a Kite	Myrtle, Harriet	0.3333333333333333
625	21626	Adrift in the Wilds; Or, The Adventures of Two Shipwrecked Boys	Ellis, Edward Sylvester	0.3333333333333333
626	18581	Adrift in New York: Tom and Florence Braving the World	Alger, Horatio, Jr.	0.3333333333333333
627	15540	Across India; Or, Live Boys in the Far East	Optic, Oliver	0.3333333333333333
628	21797	A sailor's lass	Leslie, Emma	0.3333333333333333
629	5696	A Yankee Girl at Fort Sumter	Curtis, Alice Turner	0.3333333333333333
630	19025	A Sweet Little Maid	Blanchard, Amy Ella	0.3333333333333333
631	4989	A Sweet Girl Graduate	Meade, L. T.	0.3333333333333333
632	9380	A Nonsense Anthology	nan	0.3333333333333333
633	22164	A Modern Tomboy: A Story for Girls	Meade, L. T.	0.3333333333333333
634	3806	A Modern Cinderella; Or, The Little Old Shoe, and Other Stories	Alcott, Louisa May	0.3333333333333333
635	17506	A Little Mother to the Others	Meade, L. T.	0.3333333333333333
636	13274	A Little Catechism; With Little Verses and Little Sayings for Little Children	Mason, John	0.3333333333333333
637	15343	A Little Book for Christmas	Brady, Cyrus Townsend	0.3333333333333333
638	4932	A Knight of the White Cross: A Tale of the Siege of Rhodes	Henty, G. A. (George Alfred)	0.3333333333333333
639	519	A Kidnapped Santa Claus	Baum, L. Frank (Lyman Frank)	0.3333333333333333
640	20651	A Jolly Fellowship	Stockton, Frank R.	0.3333333333333333
641	20081	A Houseful of Girls	Tytler, Sarah	0.3333333333333333
642	24065	A History of Nursery Rhymes	Green, Percy B.	0.3333333333333333
643	11367	A History of China	Eberhard, Wolfram	0.3333333333333333
644	17069	A Great Emergency and Other Tales	Ewing, Juliana Horatia	0.3333333333333333
645	6142	A Girl of the People	Meade, L. T.	0.3333333333333333
646	24244	A Girl of the Commune	Henty, G. A. (George Alfred)	0.3333333333333333
647	19761	A Girl in Ten Thousand	Meade, L. T.	0.3333333333333333
648	5830	A Garland for Girls	Alcott, Louisa May	0.3333333333333333
649	19859	A Flat Iron for a Farthing; or, Some Passages in the Life of an only Son	Ewing, Juliana Horatia	0.3333333333333333
650	20031	A Final Reckoning: A Tale of Bush Life in Australia	Henty, G. A. (George Alfred)	0.3333333333333333
651	7766	A Dog of Flanders	Ouida	0.3333333333333333
652	46	A Christmas Carol in Prose; Being a Ghost Story of Christmas	Dickens, Charles	0.3333333333333333
653	19337	A Christmas Carol	Dickens, Charles	0.3333333333333333
654	19505	A Christmas Carol	Dickens, Charles	0.3333333333333333
655	20673	A Christmas Carol	Dickens, Charles	0.3333333333333333
656	24022	A Christmas Carol	Dickens, Charles	0.3333333333333333
657	25609	A Child's Garden of Verses	Stevenson, Robert Louis	0.3333333333333333
658	25610	A Child's Garden of Verses	Stevenson, Robert Louis	0.3333333333333333
659	25611	A Child's Garden of Verses	Stevenson, Robert Louis	0.3333333333333333
660	25617	A Child's Garden of Verses	Stevenson, Robert Louis	0.3333333333333333
